id,topic,category,keywords,adviceText
job-java-developer,Job Role: Java Developer,job-role,java developer|javadeveloper|job role|career|position,Java Developer is a professional role in the industry. This position typically requires specific skills and experience. Common responsibilities include tasks related to java developer. Candidates interested in this role should focus on building relevant skills and gaining practical experience.
job-python-developer,Job Role: Python Developer,job-role,python developer|pythondeveloper|job role|career|position,Python Developer is a professional role in the industry. This position typically requires specific skills and experience. Common responsibilities include tasks related to python developer. Candidates interested in this role should focus on building relevant skills and gaining practical experience.
job-full-stack-developer,Job Role: Full Stack Developer,job-role,full stack developer|fullstackdeveloper|job role|career|position,Full Stack Developer is a professional role in the industry. This position typically requires specific skills and experience. Common responsibilities include tasks related to full stack developer. Candidates interested in this role should focus on building relevant skills and gaining practical experience.
job-frontend-developer,Job Role: Frontend Developer,job-role,frontend developer|frontenddeveloper|job role|career|position,Frontend Developer is a professional role in the industry. This position typically requires specific skills and experience. Common responsibilities include tasks related to frontend developer. Candidates interested in this role should focus on building relevant skills and gaining practical experience.
job-backend-developer,Job Role: Backend Developer,job-role,backend developer|backenddeveloper|job role|career|position,Backend Developer is a professional role in the industry. This position typically requires specific skills and experience. Common responsibilities include tasks related to backend developer. Candidates interested in this role should focus on building relevant skills and gaining practical experience.
job-mobile-app-developer,Job Role: Mobile App Developer,job-role,mobile app developer|mobileappdeveloper|job role|career|position,Mobile App Developer is a professional role in the industry. This position typically requires specific skills and experience. Common responsibilities include tasks related to mobile app developer. Candidates interested in this role should focus on building relevant skills and gaining practical experience.
job-android-developer,Job Role: Android Developer,job-role,android developer|androiddeveloper|job role|career|position,Android Developer is a professional role in the industry. This position typically requires specific skills and experience. Common responsibilities include tasks related to android developer. Candidates interested in this role should focus on building relevant skills and gaining practical experience.
job-ios-developer,Job Role: Ios Developer,job-role,ios developer|iosdeveloper|job role|career|position,Ios Developer is a professional role in the industry. This position typically requires specific skills and experience. Common responsibilities include tasks related to ios developer. Candidates interested in this role should focus on building relevant skills and gaining practical experience.
job-flutter-developer,Job Role: Flutter Developer,job-role,flutter developer|flutterdeveloper|job role|career|position,Flutter Developer is a professional role in the industry. This position typically requires specific skills and experience. Common responsibilities include tasks related to flutter developer. Candidates interested in this role should focus on building relevant skills and gaining practical experience.
job-react-developer,Job Role: React Developer,job-role,react developer|reactdeveloper|job role|career|position,React Developer is a professional role in the industry. This position typically requires specific skills and experience. Common responsibilities include tasks related to react developer. Candidates interested in this role should focus on building relevant skills and gaining practical experience.
job-angular-developer,Job Role: Angular Developer,job-role,angular developer|angulardeveloper|job role|career|position,Angular Developer is a professional role in the industry. This position typically requires specific skills and experience. Common responsibilities include tasks related to angular developer. Candidates interested in this role should focus on building relevant skills and gaining practical experience.
job-nodejs-developer,Job Role: Nodejs Developer,job-role,nodejs developer|nodejsdeveloper|job role|career|position,Nodejs Developer is a professional role in the industry. This position typically requires specific skills and experience. Common responsibilities include tasks related to nodejs developer. Candidates interested in this role should focus on building relevant skills and gaining practical experience.
job-dotnet-developer,Job Role: Dotnet Developer,job-role,dotnet developer|dotnetdeveloper|job role|career|position,Dotnet Developer is a professional role in the industry. This position typically requires specific skills and experience. Common responsibilities include tasks related to dotnet developer. Candidates interested in this role should focus on building relevant skills and gaining practical experience.
job-php-developer,Job Role: Php Developer,job-role,php developer|phpdeveloper|job role|career|position,Php Developer is a professional role in the industry. This position typically requires specific skills and experience. Common responsibilities include tasks related to php developer. Candidates interested in this role should focus on building relevant skills and gaining practical experience.
job-ruby-developer,Job Role: Ruby Developer,job-role,ruby developer|rubydeveloper|job role|career|position,Ruby Developer is a professional role in the industry. This position typically requires specific skills and experience. Common responsibilities include tasks related to ruby developer. Candidates interested in this role should focus on building relevant skills and gaining practical experience.
job-golang-developer,Job Role: Golang Developer,job-role,golang developer|golangdeveloper|job role|career|position,Golang Developer is a professional role in the industry. This position typically requires specific skills and experience. Common responsibilities include tasks related to golang developer. Candidates interested in this role should focus on building relevant skills and gaining practical experience.
job-software-engineer,Job Role: Software Engineer,job-role,software engineer|softwareengineer|job role|career|position,Software Engineer is a professional role in the industry. This position typically requires specific skills and experience. Common responsibilities include tasks related to software engineer. Candidates interested in this role should focus on building relevant skills and gaining practical experience.
job-lead-software-engineer,Job Role: Lead Software Engineer,job-role,lead software engineer|leadsoftwareengineer|job role|career|position,Lead Software Engineer is a professional role in the industry. This position typically requires specific skills and experience. Common responsibilities include tasks related to lead software engineer. Candidates interested in this role should focus on building relevant skills and gaining practical experience.
job-software-architect,Job Role: Software Architect,job-role,software architect|softwarearchitect|job role|career|position,Software Architect is a professional role in the industry. This position typically requires specific skills and experience. Common responsibilities include tasks related to software architect. Candidates interested in this role should focus on building relevant skills and gaining practical experience.
job-qa-engineer,Job Role: Qa Engineer,job-role,qa engineer|qaengineer|job role|career|position,Qa Engineer is a professional role in the industry. This position typically requires specific skills and experience. Common responsibilities include tasks related to qa engineer. Candidates interested in this role should focus on building relevant skills and gaining practical experience.
job-automation-tester,Job Role: Automation Tester,job-role,automation tester|automationtester|job role|career|position,Automation Tester is a professional role in the industry. This position typically requires specific skills and experience. Common responsibilities include tasks related to automation tester. Candidates interested in this role should focus on building relevant skills and gaining practical experience.
job-manual-tester,Job Role: Manual Tester,job-role,manual tester|manualtester|job role|career|position,Manual Tester is a professional role in the industry. This position typically requires specific skills and experience. Common responsibilities include tasks related to manual tester. Candidates interested in this role should focus on building relevant skills and gaining practical experience.
job-devops-engineer,Job Role: Devops Engineer,job-role,devops engineer|devopsengineer|job role|career|position,Devops Engineer is a professional role in the industry. This position typically requires specific skills and experience. Common responsibilities include tasks related to devops engineer. Candidates interested in this role should focus on building relevant skills and gaining practical experience.
job-site-reliability-engineer,Job Role: Site Reliability Engineer,job-role,site reliability engineer|sitereliabilityengineer|job role|career|position,Site Reliability Engineer is a professional role in the industry. This position typically requires specific skills and experience. Common responsibilities include tasks related to site reliability engineer. Candidates interested in this role should focus on building relevant skills and gaining practical experience.
job-platform-engineer,Job Role: Platform Engineer,job-role,platform engineer|platformengineer|job role|career|position,Platform Engineer is a professional role in the industry. This position typically requires specific skills and experience. Common responsibilities include tasks related to platform engineer. Candidates interested in this role should focus on building relevant skills and gaining practical experience.
job-data-analyst,Job Role: Data Analyst,job-role,data analyst|dataanalyst|job role|career|position,Data Analyst is a professional role in the industry. This position typically requires specific skills and experience. Common responsibilities include tasks related to data analyst. Candidates interested in this role should focus on building relevant skills and gaining practical experience.
job-data-scientist,Job Role: Data Scientist,job-role,data scientist|datascientist|job role|career|position,Data Scientist is a professional role in the industry. This position typically requires specific skills and experience. Common responsibilities include tasks related to data scientist. Candidates interested in this role should focus on building relevant skills and gaining practical experience.
job-data-engineer,Job Role: Data Engineer,job-role,data engineer|dataengineer|job role|career|position,Data Engineer is a professional role in the industry. This position typically requires specific skills and experience. Common responsibilities include tasks related to data engineer. Candidates interested in this role should focus on building relevant skills and gaining practical experience.
job-machine-learning-engineer,Job Role: Machine Learning Engineer,job-role,machine learning engineer|machinelearningengineer|job role|career|position,Machine Learning Engineer is a professional role in the industry. This position typically requires specific skills and experience. Common responsibilities include tasks related to machine learning engineer. Candidates interested in this role should focus on building relevant skills and gaining practical experience.
job-business-intelligence-analyst,Job Role: Business Intelligence Analyst,job-role,business intelligence analyst|businessintelligenceanalyst|job role|career|position,Business Intelligence Analyst is a professional role in the industry. This position typically requires specific skills and experience. Common responsibilities include tasks related to business intelligence analyst. Candidates interested in this role should focus on building relevant skills and gaining practical experience.
job-bi-developer,Job Role: Bi Developer,job-role,bi developer|bideveloper|job role|career|position,Bi Developer is a professional role in the industry. This position typically requires specific skills and experience. Common responsibilities include tasks related to bi developer. Candidates interested in this role should focus on building relevant skills and gaining practical experience.
job-ml-researcher,Job Role: Ml Researcher,job-role,ml researcher|mlresearcher|job role|career|position,Ml Researcher is a professional role in the industry. This position typically requires specific skills and experience. Common responsibilities include tasks related to ml researcher. Candidates interested in this role should focus on building relevant skills and gaining practical experience.
job-nlp-engineer,Job Role: Nlp Engineer,job-role,nlp engineer|nlpengineer|job role|career|position,Nlp Engineer is a professional role in the industry. This position typically requires specific skills and experience. Common responsibilities include tasks related to nlp engineer. Candidates interested in this role should focus on building relevant skills and gaining practical experience.
job-computer-vision-engineer,Job Role: Computer Vision Engineer,job-role,computer vision engineer|computervisionengineer|job role|career|position,Computer Vision Engineer is a professional role in the industry. This position typically requires specific skills and experience. Common responsibilities include tasks related to computer vision engineer. Candidates interested in this role should focus on building relevant skills and gaining practical experience.
job-analytics-engineer,Job Role: Analytics Engineer,job-role,analytics engineer|analyticsengineer|job role|career|position,Analytics Engineer is a professional role in the industry. This position typically requires specific skills and experience. Common responsibilities include tasks related to analytics engineer. Candidates interested in this role should focus on building relevant skills and gaining practical experience.
job-big-data-engineer,Job Role: Big Data Engineer,job-role,big data engineer|bigdataengineer|job role|career|position,Big Data Engineer is a professional role in the industry. This position typically requires specific skills and experience. Common responsibilities include tasks related to big data engineer. Candidates interested in this role should focus on building relevant skills and gaining practical experience.
job-cloud-engineer,Job Role: Cloud Engineer,job-role,cloud engineer|cloudengineer|job role|career|position,Cloud Engineer is a professional role in the industry. This position typically requires specific skills and experience. Common responsibilities include tasks related to cloud engineer. Candidates interested in this role should focus on building relevant skills and gaining practical experience.
job-aws-engineer,Job Role: Aws Engineer,job-role,aws engineer|awsengineer|job role|career|position,Aws Engineer is a professional role in the industry. This position typically requires specific skills and experience. Common responsibilities include tasks related to aws engineer. Candidates interested in this role should focus on building relevant skills and gaining practical experience.
job-azure-engineer,Job Role: Azure Engineer,job-role,azure engineer|azureengineer|job role|career|position,Azure Engineer is a professional role in the industry. This position typically requires specific skills and experience. Common responsibilities include tasks related to azure engineer. Candidates interested in this role should focus on building relevant skills and gaining practical experience.
job-gcp-engineer,Job Role: Gcp Engineer,job-role,gcp engineer|gcpengineer|job role|career|position,Gcp Engineer is a professional role in the industry. This position typically requires specific skills and experience. Common responsibilities include tasks related to gcp engineer. Candidates interested in this role should focus on building relevant skills and gaining practical experience.
job-cloud-architect,Job Role: Cloud Architect,job-role,cloud architect|cloudarchitect|job role|career|position,Cloud Architect is a professional role in the industry. This position typically requires specific skills and experience. Common responsibilities include tasks related to cloud architect. Candidates interested in this role should focus on building relevant skills and gaining practical experience.
job-infrastructure-engineer,Job Role: Infrastructure Engineer,job-role,infrastructure engineer|infrastructureengineer|job role|career|position,Infrastructure Engineer is a professional role in the industry. This position typically requires specific skills and experience. Common responsibilities include tasks related to infrastructure engineer. Candidates interested in this role should focus on building relevant skills and gaining practical experience.
job-network-engineer,Job Role: Network Engineer,job-role,network engineer|networkengineer|job role|career|position,Network Engineer is a professional role in the industry. This position typically requires specific skills and experience. Common responsibilities include tasks related to network engineer. Candidates interested in this role should focus on building relevant skills and gaining practical experience.
job-system-administrator,Job Role: System Administrator,job-role,system administrator|systemadministrator|job role|career|position,System Administrator is a professional role in the industry. This position typically requires specific skills and experience. Common responsibilities include tasks related to system administrator. Candidates interested in this role should focus on building relevant skills and gaining practical experience.
job-security-operations-engineer,Job Role: Security Operations Engineer,job-role,security operations engineer|securityoperationsengineer|job role|career|position,Security Operations Engineer is a professional role in the industry. This position typically requires specific skills and experience. Common responsibilities include tasks related to security operations engineer. Candidates interested in this role should focus on building relevant skills and gaining practical experience.
job-cybersecurity-analyst,Job Role: Cybersecurity Analyst,job-role,cybersecurity analyst|cybersecurityanalyst|job role|career|position,Cybersecurity Analyst is a professional role in the industry. This position typically requires specific skills and experience. Common responsibilities include tasks related to cybersecurity analyst. Candidates interested in this role should focus on building relevant skills and gaining practical experience.
job-ethical-hacker,Job Role: Ethical Hacker,job-role,ethical hacker|ethicalhacker|job role|career|position,Ethical Hacker is a professional role in the industry. This position typically requires specific skills and experience. Common responsibilities include tasks related to ethical hacker. Candidates interested in this role should focus on building relevant skills and gaining practical experience.
job-penetration-tester,Job Role: Penetration Tester,job-role,penetration tester|penetrationtester|job role|career|position,Penetration Tester is a professional role in the industry. This position typically requires specific skills and experience. Common responsibilities include tasks related to penetration tester. Candidates interested in this role should focus on building relevant skills and gaining practical experience.
job-information-security-engineer,Job Role: Information Security Engineer,job-role,information security engineer|informationsecurityengineer|job role|career|position,Information Security Engineer is a professional role in the industry. This position typically requires specific skills and experience. Common responsibilities include tasks related to information security engineer. Candidates interested in this role should focus on building relevant skills and gaining practical experience.
job-security-architect,Job Role: Security Architect,job-role,security architect|securityarchitect|job role|career|position,Security Architect is a professional role in the industry. This position typically requires specific skills and experience. Common responsibilities include tasks related to security architect. Candidates interested in this role should focus on building relevant skills and gaining practical experience.
job-security-consultant,Job Role: Security Consultant,job-role,security consultant|securityconsultant|job role|career|position,Security Consultant is a professional role in the industry. This position typically requires specific skills and experience. Common responsibilities include tasks related to security consultant. Candidates interested in this role should focus on building relevant skills and gaining practical experience.
job-incident-response-analyst,Job Role: Incident Response Analyst,job-role,incident response analyst|incidentresponseanalyst|job role|career|position,Incident Response Analyst is a professional role in the industry. This position typically requires specific skills and experience. Common responsibilities include tasks related to incident response analyst. Candidates interested in this role should focus on building relevant skills and gaining practical experience.
job-sap-consultant,Job Role: Sap Consultant,job-role,sap consultant|sapconsultant|job role|career|position,Sap Consultant is a professional role in the industry. This position typically requires specific skills and experience. Common responsibilities include tasks related to sap consultant. Candidates interested in this role should focus on building relevant skills and gaining practical experience.
job-sap-fico-consultant,Job Role: Sap Fico Consultant,job-role,sap fico consultant|sapficoconsultant|job role|career|position,Sap Fico Consultant is a professional role in the industry. This position typically requires specific skills and experience. Common responsibilities include tasks related to sap fico consultant. Candidates interested in this role should focus on building relevant skills and gaining practical experience.
job-sap-mm-consultant,Job Role: Sap Mm Consultant,job-role,sap mm consultant|sapmmconsultant|job role|career|position,Sap Mm Consultant is a professional role in the industry. This position typically requires specific skills and experience. Common responsibilities include tasks related to sap mm consultant. Candidates interested in this role should focus on building relevant skills and gaining practical experience.
job-sap-sd-consultant,Job Role: Sap Sd Consultant,job-role,sap sd consultant|sapsdconsultant|job role|career|position,Sap Sd Consultant is a professional role in the industry. This position typically requires specific skills and experience. Common responsibilities include tasks related to sap sd consultant. Candidates interested in this role should focus on building relevant skills and gaining practical experience.
job-sap-abap-developer,Job Role: Sap Abap Developer,job-role,sap abap developer|sapabapdeveloper|job role|career|position,Sap Abap Developer is a professional role in the industry. This position typically requires specific skills and experience. Common responsibilities include tasks related to sap abap developer. Candidates interested in this role should focus on building relevant skills and gaining practical experience.
job-sap-basis-administrator,Job Role: Sap Basis Administrator,job-role,sap basis administrator|sapbasisadministrator|job role|career|position,Sap Basis Administrator is a professional role in the industry. This position typically requires specific skills and experience. Common responsibilities include tasks related to sap basis administrator. Candidates interested in this role should focus on building relevant skills and gaining practical experience.
job-sap-hana-consultant,Job Role: Sap Hana Consultant,job-role,sap hana consultant|saphanaconsultant|job role|career|position,Sap Hana Consultant is a professional role in the industry. This position typically requires specific skills and experience. Common responsibilities include tasks related to sap hana consultant. Candidates interested in this role should focus on building relevant skills and gaining practical experience.
job-sap-bw-consultant,Job Role: Sap Bw Consultant,job-role,sap bw consultant|sapbwconsultant|job role|career|position,Sap Bw Consultant is a professional role in the industry. This position typically requires specific skills and experience. Common responsibilities include tasks related to sap bw consultant. Candidates interested in this role should focus on building relevant skills and gaining practical experience.
job-sap-successfactors-consultant,Job Role: Sap Successfactors Consultant,job-role,sap successfactors consultant|sapsuccessfactorsconsultant|job role|career|position,Sap Successfactors Consultant is a professional role in the industry. This position typically requires specific skills and experience. Common responsibilities include tasks related to sap successfactors consultant. Candidates interested in this role should focus on building relevant skills and gaining practical experience.
job-sap-crm-consultant,Job Role: Sap Crm Consultant,job-role,sap crm consultant|sapcrmconsultant|job role|career|position,Sap Crm Consultant is a professional role in the industry. This position typically requires specific skills and experience. Common responsibilities include tasks related to sap crm consultant. Candidates interested in this role should focus on building relevant skills and gaining practical experience.
job-sap-btp-consultant,Job Role: Sap Btp Consultant,job-role,sap btp consultant|sapbtpconsultant|job role|career|position,Sap Btp Consultant is a professional role in the industry. This position typically requires specific skills and experience. Common responsibilities include tasks related to sap btp consultant. Candidates interested in this role should focus on building relevant skills and gaining practical experience.
job-erp-consultant,Job Role: Erp Consultant,job-role,erp consultant|erpconsultant|job role|career|position,Erp Consultant is a professional role in the industry. This position typically requires specific skills and experience. Common responsibilities include tasks related to erp consultant. Candidates interested in this role should focus on building relevant skills and gaining practical experience.
job-accountant,Job Role: Accountant,job-role,accountant|accountant|job role|career|position,Accountant is a professional role in the industry. This position typically requires specific skills and experience. Common responsibilities include tasks related to accountant. Candidates interested in this role should focus on building relevant skills and gaining practical experience.
job-financial-analyst,Job Role: Financial Analyst,job-role,financial analyst|financialanalyst|job role|career|position,Financial Analyst is a professional role in the industry. This position typically requires specific skills and experience. Common responsibilities include tasks related to financial analyst. Candidates interested in this role should focus on building relevant skills and gaining practical experience.
job-auditor,Job Role: Auditor,job-role,auditor|auditor|job role|career|position,Auditor is a professional role in the industry. This position typically requires specific skills and experience. Common responsibilities include tasks related to auditor. Candidates interested in this role should focus on building relevant skills and gaining practical experience.
job-tax-consultant,Job Role: Tax Consultant,job-role,tax consultant|taxconsultant|job role|career|position,Tax Consultant is a professional role in the industry. This position typically requires specific skills and experience. Common responsibilities include tasks related to tax consultant. Candidates interested in this role should focus on building relevant skills and gaining practical experience.
job-cost-accountant,Job Role: Cost Accountant,job-role,cost accountant|costaccountant|job role|career|position,Cost Accountant is a professional role in the industry. This position typically requires specific skills and experience. Common responsibilities include tasks related to cost accountant. Candidates interested in this role should focus on building relevant skills and gaining practical experience.
job-management-accountant,Job Role: Management Accountant,job-role,management accountant|managementaccountant|job role|career|position,Management Accountant is a professional role in the industry. This position typically requires specific skills and experience. Common responsibilities include tasks related to management accountant. Candidates interested in this role should focus on building relevant skills and gaining practical experience.
job-treasury-analyst,Job Role: Treasury Analyst,job-role,treasury analyst|treasuryanalyst|job role|career|position,Treasury Analyst is a professional role in the industry. This position typically requires specific skills and experience. Common responsibilities include tasks related to treasury analyst. Candidates interested in this role should focus on building relevant skills and gaining practical experience.
job-credit-analyst,Job Role: Credit Analyst,job-role,credit analyst|creditanalyst|job role|career|position,Credit Analyst is a professional role in the industry. This position typically requires specific skills and experience. Common responsibilities include tasks related to credit analyst. Candidates interested in this role should focus on building relevant skills and gaining practical experience.
job-payroll-specialist,Job Role: Payroll Specialist,job-role,payroll specialist|payrollspecialist|job role|career|position,Payroll Specialist is a professional role in the industry. This position typically requires specific skills and experience. Common responsibilities include tasks related to payroll specialist. Candidates interested in this role should focus on building relevant skills and gaining practical experience.
job-finance-manager,Job Role: Finance Manager,job-role,finance manager|financemanager|job role|career|position,Finance Manager is a professional role in the industry. This position typically requires specific skills and experience. Common responsibilities include tasks related to finance manager. Candidates interested in this role should focus on building relevant skills and gaining practical experience.
job-business-analyst,Job Role: Business Analyst,job-role,business analyst|businessanalyst|job role|career|position,Business Analyst is a professional role in the industry. This position typically requires specific skills and experience. Common responsibilities include tasks related to business analyst. Candidates interested in this role should focus on building relevant skills and gaining practical experience.
job-product-manager,Job Role: Product Manager,job-role,product manager|productmanager|job role|career|position,Product Manager is a professional role in the industry. This position typically requires specific skills and experience. Common responsibilities include tasks related to product manager. Candidates interested in this role should focus on building relevant skills and gaining practical experience.
job-product-owner,Job Role: Product Owner,job-role,product owner|productowner|job role|career|position,Product Owner is a professional role in the industry. This position typically requires specific skills and experience. Common responsibilities include tasks related to product owner. Candidates interested in this role should focus on building relevant skills and gaining practical experience.
job-project-manager,Job Role: Project Manager,job-role,project manager|projectmanager|job role|career|position,Project Manager is a professional role in the industry. This position typically requires specific skills and experience. Common responsibilities include tasks related to project manager. Candidates interested in this role should focus on building relevant skills and gaining practical experience.
job-scrum-master,Job Role: Scrum Master,job-role,scrum master|scrummaster|job role|career|position,Scrum Master is a professional role in the industry. This position typically requires specific skills and experience. Common responsibilities include tasks related to scrum master. Candidates interested in this role should focus on building relevant skills and gaining practical experience.
job-project-coordinator,Job Role: Project Coordinator,job-role,project coordinator|projectcoordinator|job role|career|position,Project Coordinator is a professional role in the industry. This position typically requires specific skills and experience. Common responsibilities include tasks related to project coordinator. Candidates interested in this role should focus on building relevant skills and gaining practical experience.
job-operations-manager,Job Role: Operations Manager,job-role,operations manager|operationsmanager|job role|career|position,Operations Manager is a professional role in the industry. This position typically requires specific skills and experience. Common responsibilities include tasks related to operations manager. Candidates interested in this role should focus on building relevant skills and gaining practical experience.
job-management-consultant,Job Role: Management Consultant,job-role,management consultant|managementconsultant|job role|career|position,Management Consultant is a professional role in the industry. This position typically requires specific skills and experience. Common responsibilities include tasks related to management consultant. Candidates interested in this role should focus on building relevant skills and gaining practical experience.
job-digital-marketer,Job Role: Digital Marketer,job-role,digital marketer|digitalmarketer|job role|career|position,Digital Marketer is a professional role in the industry. This position typically requires specific skills and experience. Common responsibilities include tasks related to digital marketer. Candidates interested in this role should focus on building relevant skills and gaining practical experience.
job-seo-specialist,Job Role: Seo Specialist,job-role,seo specialist|seospecialist|job role|career|position,Seo Specialist is a professional role in the industry. This position typically requires specific skills and experience. Common responsibilities include tasks related to seo specialist. Candidates interested in this role should focus on building relevant skills and gaining practical experience.
job-sem-specialist,Job Role: Sem Specialist,job-role,sem specialist|semspecialist|job role|career|position,Sem Specialist is a professional role in the industry. This position typically requires specific skills and experience. Common responsibilities include tasks related to sem specialist. Candidates interested in this role should focus on building relevant skills and gaining practical experience.
job-content-marketer,Job Role: Content Marketer,job-role,content marketer|contentmarketer|job role|career|position,Content Marketer is a professional role in the industry. This position typically requires specific skills and experience. Common responsibilities include tasks related to content marketer. Candidates interested in this role should focus on building relevant skills and gaining practical experience.
job-social-media-manager,Job Role: Social Media Manager,job-role,social media manager|socialmediamanager|job role|career|position,Social Media Manager is a professional role in the industry. This position typically requires specific skills and experience. Common responsibilities include tasks related to social media manager. Candidates interested in this role should focus on building relevant skills and gaining practical experience.
job-growth-marketer,Job Role: Growth Marketer,job-role,growth marketer|growthmarketer|job role|career|position,Growth Marketer is a professional role in the industry. This position typically requires specific skills and experience. Common responsibilities include tasks related to growth marketer. Candidates interested in this role should focus on building relevant skills and gaining practical experience.
job-sales-executive,Job Role: Sales Executive,job-role,sales executive|salesexecutive|job role|career|position,Sales Executive is a professional role in the industry. This position typically requires specific skills and experience. Common responsibilities include tasks related to sales executive. Candidates interested in this role should focus on building relevant skills and gaining practical experience.
job-account-manager,Job Role: Account Manager,job-role,account manager|accountmanager|job role|career|position,Account Manager is a professional role in the industry. This position typically requires specific skills and experience. Common responsibilities include tasks related to account manager. Candidates interested in this role should focus on building relevant skills and gaining practical experience.
job-business-development-manager,Job Role: Business Development Manager,job-role,business development manager|businessdevelopmentmanager|job role|career|position,Business Development Manager is a professional role in the industry. This position typically requires specific skills and experience. Common responsibilities include tasks related to business development manager. Candidates interested in this role should focus on building relevant skills and gaining practical experience.
job-crm-specialist,Job Role: Crm Specialist,job-role,crm specialist|crmspecialist|job role|career|position,Crm Specialist is a professional role in the industry. This position typically requires specific skills and experience. Common responsibilities include tasks related to crm specialist. Candidates interested in this role should focus on building relevant skills and gaining practical experience.
job-brand-manager,Job Role: Brand Manager,job-role,brand manager|brandmanager|job role|career|position,Brand Manager is a professional role in the industry. This position typically requires specific skills and experience. Common responsibilities include tasks related to brand manager. Candidates interested in this role should focus on building relevant skills and gaining practical experience.
job-hr-recruiter,Job Role: Hr Recruiter,job-role,hr recruiter|hrrecruiter|job role|career|position,Hr Recruiter is a professional role in the industry. This position typically requires specific skills and experience. Common responsibilities include tasks related to hr recruiter. Candidates interested in this role should focus on building relevant skills and gaining practical experience.
job-talent-acquisition-specialist,Job Role: Talent Acquisition Specialist,job-role,talent acquisition specialist|talentacquisitionspecialist|job role|career|position,Talent Acquisition Specialist is a professional role in the industry. This position typically requires specific skills and experience. Common responsibilities include tasks related to talent acquisition specialist. Candidates interested in this role should focus on building relevant skills and gaining practical experience.
job-hr-manager,Job Role: Hr Manager,job-role,hr manager|hrmanager|job role|career|position,Hr Manager is a professional role in the industry. This position typically requires specific skills and experience. Common responsibilities include tasks related to hr manager. Candidates interested in this role should focus on building relevant skills and gaining practical experience.
job-learning-and-development-specialist,Job Role: Learning And Development Specialist,job-role,learning and development specialist|learninganddevelopmentspecialist|job role|career|position,Learning And Development Specialist is a professional role in the industry. This position typically requires specific skills and experience. Common responsibilities include tasks related to learning and development specialist. Candidates interested in this role should focus on building relevant skills and gaining practical experience.
job-compensation-and-benefits-analyst,Job Role: Compensation And Benefits Analyst,job-role,compensation and benefits analyst|compensationandbenefitsanalyst|job role|career|position,Compensation And Benefits Analyst is a professional role in the industry. This position typically requires specific skills and experience. Common responsibilities include tasks related to compensation and benefits analyst. Candidates interested in this role should focus on building relevant skills and gaining practical experience.
job-employee-relations-specialist,Job Role: Employee Relations Specialist,job-role,employee relations specialist|employeerelationsspecialist|job role|career|position,Employee Relations Specialist is a professional role in the industry. This position typically requires specific skills and experience. Common responsibilities include tasks related to employee relations specialist. Candidates interested in this role should focus on building relevant skills and gaining practical experience.
job-hr-generalist,Job Role: Hr Generalist,job-role,hr generalist|hrgeneralist|job role|career|position,Hr Generalist is a professional role in the industry. This position typically requires specific skills and experience. Common responsibilities include tasks related to hr generalist. Candidates interested in this role should focus on building relevant skills and gaining practical experience.
job-ui-ux-designer,Job Role: Ui Ux Designer,job-role,ui ux designer|uiuxdesigner|job role|career|position,Ui Ux Designer is a professional role in the industry. This position typically requires specific skills and experience. Common responsibilities include tasks related to ui ux designer. Candidates interested in this role should focus on building relevant skills and gaining practical experience.
job-product-designer,Job Role: Product Designer,job-role,product designer|productdesigner|job role|career|position,Product Designer is a professional role in the industry. This position typically requires specific skills and experience. Common responsibilities include tasks related to product designer. Candidates interested in this role should focus on building relevant skills and gaining practical experience.
job-graphic-designer,Job Role: Graphic Designer,job-role,graphic designer|graphicdesigner|job role|career|position,Graphic Designer is a professional role in the industry. This position typically requires specific skills and experience. Common responsibilities include tasks related to graphic designer. Candidates interested in this role should focus on building relevant skills and gaining practical experience.
job-visual-designer,Job Role: Visual Designer,job-role,visual designer|visualdesigner|job role|career|position,Visual Designer is a professional role in the industry. This position typically requires specific skills and experience. Common responsibilities include tasks related to visual designer. Candidates interested in this role should focus on building relevant skills and gaining practical experience.
job-motion-designer,Job Role: Motion Designer,job-role,motion designer|motiondesigner|job role|career|position,Motion Designer is a professional role in the industry. This position typically requires specific skills and experience. Common responsibilities include tasks related to motion designer. Candidates interested in this role should focus on building relevant skills and gaining practical experience.
job-video-editor,Job Role: Video Editor,job-role,video editor|videoeditor|job role|career|position,Video Editor is a professional role in the industry. This position typically requires specific skills and experience. Common responsibilities include tasks related to video editor. Candidates interested in this role should focus on building relevant skills and gaining practical experience.
job-illustrator,Job Role: Illustrator,job-role,illustrator|illustrator|job role|career|position,Illustrator is a professional role in the industry. This position typically requires specific skills and experience. Common responsibilities include tasks related to illustrator. Candidates interested in this role should focus on building relevant skills and gaining practical experience.
job-customer-success-manager,Job Role: Customer Success Manager,job-role,customer success manager|customersuccessmanager|job role|career|position,Customer Success Manager is a professional role in the industry. This position typically requires specific skills and experience. Common responsibilities include tasks related to customer success manager. Candidates interested in this role should focus on building relevant skills and gaining practical experience.
job-customer-support-executive,Job Role: Customer Support Executive,job-role,customer support executive|customersupportexecutive|job role|career|position,Customer Support Executive is a professional role in the industry. This position typically requires specific skills and experience. Common responsibilities include tasks related to customer support executive. Candidates interested in this role should focus on building relevant skills and gaining practical experience.
job-ux-researcher,Job Role: Ux Researcher,job-role,ux researcher|uxresearcher|job role|career|position,Ux Researcher is a professional role in the industry. This position typically requires specific skills and experience. Common responsibilities include tasks related to ux researcher. Candidates interested in this role should focus on building relevant skills and gaining practical experience.
job-product-marketing-manager,Job Role: Product Marketing Manager,job-role,product marketing manager|productmarketingmanager|job role|career|position,Product Marketing Manager is a professional role in the industry. This position typically requires specific skills and experience. Common responsibilities include tasks related to product marketing manager. Candidates interested in this role should focus on building relevant skills and gaining practical experience.
job-mechanical-engineer,Job Role: Mechanical Engineer,job-role,mechanical engineer|mechanicalengineer|job role|career|position,Mechanical Engineer is a professional role in the industry. This position typically requires specific skills and experience. Common responsibilities include tasks related to mechanical engineer. Candidates interested in this role should focus on building relevant skills and gaining practical experience.
job-civil-engineer,Job Role: Civil Engineer,job-role,civil engineer|civilengineer|job role|career|position,Civil Engineer is a professional role in the industry. This position typically requires specific skills and experience. Common responsibilities include tasks related to civil engineer. Candidates interested in this role should focus on building relevant skills and gaining practical experience.
job-electrical-engineer,Job Role: Electrical Engineer,job-role,electrical engineer|electricalengineer|job role|career|position,Electrical Engineer is a professional role in the industry. This position typically requires specific skills and experience. Common responsibilities include tasks related to electrical engineer. Candidates interested in this role should focus on building relevant skills and gaining practical experience.
job-electronics-engineer,Job Role: Electronics Engineer,job-role,electronics engineer|electronicsengineer|job role|career|position,Electronics Engineer is a professional role in the industry. This position typically requires specific skills and experience. Common responsibilities include tasks related to electronics engineer. Candidates interested in this role should focus on building relevant skills and gaining practical experience.
job-design-engineer,Job Role: Design Engineer,job-role,design engineer|designengineer|job role|career|position,Design Engineer is a professional role in the industry. This position typically requires specific skills and experience. Common responsibilities include tasks related to design engineer. Candidates interested in this role should focus on building relevant skills and gaining practical experience.
job-manufacturing-engineer,Job Role: Manufacturing Engineer,job-role,manufacturing engineer|manufacturingengineer|job role|career|position,Manufacturing Engineer is a professional role in the industry. This position typically requires specific skills and experience. Common responsibilities include tasks related to manufacturing engineer. Candidates interested in this role should focus on building relevant skills and gaining practical experience.
job-quality-engineer,Job Role: Quality Engineer,job-role,quality engineer|qualityengineer|job role|career|position,Quality Engineer is a professional role in the industry. This position typically requires specific skills and experience. Common responsibilities include tasks related to quality engineer. Candidates interested in this role should focus on building relevant skills and gaining practical experience.
job-maintenance-engineer,Job Role: Maintenance Engineer,job-role,maintenance engineer|maintenanceengineer|job role|career|position,Maintenance Engineer is a professional role in the industry. This position typically requires specific skills and experience. Common responsibilities include tasks related to maintenance engineer. Candidates interested in this role should focus on building relevant skills and gaining practical experience.
job-plant-engineer,Job Role: Plant Engineer,job-role,plant engineer|plantengineer|job role|career|position,Plant Engineer is a professional role in the industry. This position typically requires specific skills and experience. Common responsibilities include tasks related to plant engineer. Candidates interested in this role should focus on building relevant skills and gaining practical experience.
job-process-engineer,Job Role: Process Engineer,job-role,process engineer|processengineer|job role|career|position,Process Engineer is a professional role in the industry. This position typically requires specific skills and experience. Common responsibilities include tasks related to process engineer. Candidates interested in this role should focus on building relevant skills and gaining practical experience.
job-automation-engineer,Job Role: Automation Engineer,job-role,automation engineer|automationengineer|job role|career|position,Automation Engineer is a professional role in the industry. This position typically requires specific skills and experience. Common responsibilities include tasks related to automation engineer. Candidates interested in this role should focus on building relevant skills and gaining practical experience.
job-structural-engineer,Job Role: Structural Engineer,job-role,structural engineer|structuralengineer|job role|career|position,Structural Engineer is a professional role in the industry. This position typically requires specific skills and experience. Common responsibilities include tasks related to structural engineer. Candidates interested in this role should focus on building relevant skills and gaining practical experience.
job-architect,Job Role: Architect,job-role,architect|architect|job role|career|position,Architect is a professional role in the industry. This position typically requires specific skills and experience. Common responsibilities include tasks related to architect. Candidates interested in this role should focus on building relevant skills and gaining practical experience.
job-site-engineer,Job Role: Site Engineer,job-role,site engineer|siteengineer|job role|career|position,Site Engineer is a professional role in the industry. This position typically requires specific skills and experience. Common responsibilities include tasks related to site engineer. Candidates interested in this role should focus on building relevant skills and gaining practical experience.
job-construction-manager,Job Role: Construction Manager,job-role,construction manager|constructionmanager|job role|career|position,Construction Manager is a professional role in the industry. This position typically requires specific skills and experience. Common responsibilities include tasks related to construction manager. Candidates interested in this role should focus on building relevant skills and gaining practical experience.
job-quantity-surveyor,Job Role: Quantity Surveyor,job-role,quantity surveyor|quantitysurveyor|job role|career|position,Quantity Surveyor is a professional role in the industry. This position typically requires specific skills and experience. Common responsibilities include tasks related to quantity surveyor. Candidates interested in this role should focus on building relevant skills and gaining practical experience.
job-estimating-engineer,Job Role: Estimating Engineer,job-role,estimating engineer|estimatingengineer|job role|career|position,Estimating Engineer is a professional role in the industry. This position typically requires specific skills and experience. Common responsibilities include tasks related to estimating engineer. Candidates interested in this role should focus on building relevant skills and gaining practical experience.
job-clinical-research-associate,Job Role: Clinical Research Associate,job-role,clinical research associate|clinicalresearchassociate|job role|career|position,Clinical Research Associate is a professional role in the industry. This position typically requires specific skills and experience. Common responsibilities include tasks related to clinical research associate. Candidates interested in this role should focus on building relevant skills and gaining practical experience.
job-lab-technician,Job Role: Lab Technician,job-role,lab technician|labtechnician|job role|career|position,Lab Technician is a professional role in the industry. This position typically requires specific skills and experience. Common responsibilities include tasks related to lab technician. Candidates interested in this role should focus on building relevant skills and gaining practical experience.
job-biotech-researcher,Job Role: Biotech Researcher,job-role,biotech researcher|biotechresearcher|job role|career|position,Biotech Researcher is a professional role in the industry. This position typically requires specific skills and experience. Common responsibilities include tasks related to biotech researcher. Candidates interested in this role should focus on building relevant skills and gaining practical experience.
job-pharmaceutical-sales-representative,Job Role: Pharmaceutical Sales Representative,job-role,pharmaceutical sales representative|pharmaceuticalsalesrepresentative|job role|career|position,Pharmaceutical Sales Representative is a professional role in the industry. This position typically requires specific skills and experience. Common responsibilities include tasks related to pharmaceutical sales representative. Candidates interested in this role should focus on building relevant skills and gaining practical experience.
job-teacher,Job Role: Teacher,job-role,teacher|teacher|job role|career|position,Teacher is a professional role in the industry. This position typically requires specific skills and experience. Common responsibilities include tasks related to teacher. Candidates interested in this role should focus on building relevant skills and gaining practical experience.
job-corporate-trainer,Job Role: Corporate Trainer,job-role,corporate trainer|corporatetrainer|job role|career|position,Corporate Trainer is a professional role in the industry. This position typically requires specific skills and experience. Common responsibilities include tasks related to corporate trainer. Candidates interested in this role should focus on building relevant skills and gaining practical experience.
job-instructional-designer,Job Role: Instructional Designer,job-role,instructional designer|instructionaldesigner|job role|career|position,Instructional Designer is a professional role in the industry. This position typically requires specific skills and experience. Common responsibilities include tasks related to instructional designer. Candidates interested in this role should focus on building relevant skills and gaining practical experience.
job-academic-counselor,Job Role: Academic Counselor,job-role,academic counselor|academiccounselor|job role|career|position,Academic Counselor is a professional role in the industry. This position typically requires specific skills and experience. Common responsibilities include tasks related to academic counselor. Candidates interested in this role should focus on building relevant skills and gaining practical experience.
job-logistics-executive,Job Role: Logistics Executive,job-role,logistics executive|logisticsexecutive|job role|career|position,Logistics Executive is a professional role in the industry. This position typically requires specific skills and experience. Common responsibilities include tasks related to logistics executive. Candidates interested in this role should focus on building relevant skills and gaining practical experience.
job-supply-chain-analyst,Job Role: Supply Chain Analyst,job-role,supply chain analyst|supplychainanalyst|job role|career|position,Supply Chain Analyst is a professional role in the industry. This position typically requires specific skills and experience. Common responsibilities include tasks related to supply chain analyst. Candidates interested in this role should focus on building relevant skills and gaining practical experience.
job-procurement-specialist,Job Role: Procurement Specialist,job-role,procurement specialist|procurementspecialist|job role|career|position,Procurement Specialist is a professional role in the industry. This position typically requires specific skills and experience. Common responsibilities include tasks related to procurement specialist. Candidates interested in this role should focus on building relevant skills and gaining practical experience.
job-warehouse-manager,Job Role: Warehouse Manager,job-role,warehouse manager|warehousemanager|job role|career|position,Warehouse Manager is a professional role in the industry. This position typically requires specific skills and experience. Common responsibilities include tasks related to warehouse manager. Candidates interested in this role should focus on building relevant skills and gaining practical experience.
job-inventory-manager,Job Role: Inventory Manager,job-role,inventory manager|inventorymanager|job role|career|position,Inventory Manager is a professional role in the industry. This position typically requires specific skills and experience. Common responsibilities include tasks related to inventory manager. Candidates interested in this role should focus on building relevant skills and gaining practical experience.
job-office-administrator,Job Role: Office Administrator,job-role,office administrator|officeadministrator|job role|career|position,Office Administrator is a professional role in the industry. This position typically requires specific skills and experience. Common responsibilities include tasks related to office administrator. Candidates interested in this role should focus on building relevant skills and gaining practical experience.
job-executive-assistant,Job Role: Executive Assistant,job-role,executive assistant|executiveassistant|job role|career|position,Executive Assistant is a professional role in the industry. This position typically requires specific skills and experience. Common responsibilities include tasks related to executive assistant. Candidates interested in this role should focus on building relevant skills and gaining practical experience.
job-operations-analyst,Job Role: Operations Analyst,job-role,operations analyst|operationsanalyst|job role|career|position,Operations Analyst is a professional role in the industry. This position typically requires specific skills and experience. Common responsibilities include tasks related to operations analyst. Candidates interested in this role should focus on building relevant skills and gaining practical experience.
job-hotel-manager,Job Role: Hotel Manager,job-role,hotel manager|hotelmanager|job role|career|position,Hotel Manager is a professional role in the industry. This position typically requires specific skills and experience. Common responsibilities include tasks related to hotel manager. Candidates interested in this role should focus on building relevant skills and gaining practical experience.
job-retail-manager,Job Role: Retail Manager,job-role,retail manager|retailmanager|job role|career|position,Retail Manager is a professional role in the industry. This position typically requires specific skills and experience. Common responsibilities include tasks related to retail manager. Candidates interested in this role should focus on building relevant skills and gaining practical experience.
job-store-supervisor,Job Role: Store Supervisor,job-role,store supervisor|storesupervisor|job role|career|position,Store Supervisor is a professional role in the industry. This position typically requires specific skills and experience. Common responsibilities include tasks related to store supervisor. Candidates interested in this role should focus on building relevant skills and gaining practical experience.
job-merchandiser,Job Role: Merchandiser,job-role,merchandiser|merchandiser|job role|career|position,Merchandiser is a professional role in the industry. This position typically requires specific skills and experience. Common responsibilities include tasks related to merchandiser. Candidates interested in this role should focus on building relevant skills and gaining practical experience.
job-embedded-systems-engineer,Job Role: Embedded Systems Engineer,job-role,embedded systems engineer|embeddedsystemsengineer|job role|career|position,Embedded Systems Engineer is a professional role in the industry. This position typically requires specific skills and experience. Common responsibilities include tasks related to embedded systems engineer. Candidates interested in this role should focus on building relevant skills and gaining practical experience.
job-iot-engineer,Job Role: Iot Engineer,job-role,iot engineer|iotengineer|job role|career|position,Iot Engineer is a professional role in the industry. This position typically requires specific skills and experience. Common responsibilities include tasks related to iot engineer. Candidates interested in this role should focus on building relevant skills and gaining practical experience.
job-robotics-engineer,Job Role: Robotics Engineer,job-role,robotics engineer|roboticsengineer|job role|career|position,Robotics Engineer is a professional role in the industry. This position typically requires specific skills and experience. Common responsibilities include tasks related to robotics engineer. Candidates interested in this role should focus on building relevant skills and gaining practical experience.
job-control-systems-engineer,Job Role: Control Systems Engineer,job-role,control systems engineer|controlsystemsengineer|job role|career|position,Control Systems Engineer is a professional role in the industry. This position typically requires specific skills and experience. Common responsibilities include tasks related to control systems engineer. Candidates interested in this role should focus on building relevant skills and gaining practical experience.
job-firmware-engineer,Job Role: Firmware Engineer,job-role,firmware engineer|firmwareengineer|job role|career|position,Firmware Engineer is a professional role in the industry. This position typically requires specific skills and experience. Common responsibilities include tasks related to firmware engineer. Candidates interested in this role should focus on building relevant skills and gaining practical experience.
job-blockchain-developer,Job Role: Blockchain Developer,job-role,blockchain developer|blockchaindeveloper|job role|career|position,Blockchain Developer is a professional role in the industry. This position typically requires specific skills and experience. Common responsibilities include tasks related to blockchain developer. Candidates interested in this role should focus on building relevant skills and gaining practical experience.
job-cryptography-engineer,Job Role: Cryptography Engineer,job-role,cryptography engineer|cryptographyengineer|job role|career|position,Cryptography Engineer is a professional role in the industry. This position typically requires specific skills and experience. Common responsibilities include tasks related to cryptography engineer. Candidates interested in this role should focus on building relevant skills and gaining practical experience.
job-game-developer,Job Role: Game Developer,job-role,game developer|gamedeveloper|job role|career|position,Game Developer is a professional role in the industry. This position typically requires specific skills and experience. Common responsibilities include tasks related to game developer. Candidates interested in this role should focus on building relevant skills and gaining practical experience.
job-devrel-engineer,Job Role: Devrel Engineer,job-role,devrel engineer|devrelengineer|job role|career|position,Devrel Engineer is a professional role in the industry. This position typically requires specific skills and experience. Common responsibilities include tasks related to devrel engineer. Candidates interested in this role should focus on building relevant skills and gaining practical experience.
job-technical-writer,Job Role: Technical Writer,job-role,technical writer|technicalwriter|job role|career|position,Technical Writer is a professional role in the industry. This position typically requires specific skills and experience. Common responsibilities include tasks related to technical writer. Candidates interested in this role should focus on building relevant skills and gaining practical experience.
job-research-scientist,Job Role: Research Scientist,job-role,research scientist|researchscientist|job role|career|position,Research Scientist is a professional role in the industry. This position typically requires specific skills and experience. Common responsibilities include tasks related to research scientist. Candidates interested in this role should focus on building relevant skills and gaining practical experience.
job-data-privacy-officer,Job Role: Data Privacy Officer,job-role,data privacy officer|dataprivacyofficer|job role|career|position,Data Privacy Officer is a professional role in the industry. This position typically requires specific skills and experience. Common responsibilities include tasks related to data privacy officer. Candidates interested in this role should focus on building relevant skills and gaining practical experience.
job-sustainability-analyst,Job Role: Sustainability Analyst,job-role,sustainability analyst|sustainabilityanalyst|job role|career|position,Sustainability Analyst is a professional role in the industry. This position typically requires specific skills and experience. Common responsibilities include tasks related to sustainability analyst. Candidates interested in this role should focus on building relevant skills and gaining practical experience.
job-energy-analyst,Job Role: Energy Analyst,job-role,energy analyst|energyanalyst|job role|career|position,Energy Analyst is a professional role in the industry. This position typically requires specific skills and experience. Common responsibilities include tasks related to energy analyst. Candidates interested in this role should focus on building relevant skills and gaining practical experience.
job-biomedical-engineer,Job Role: Biomedical Engineer,job-role,biomedical engineer|biomedicalengineer|job role|career|position,Biomedical Engineer is a professional role in the industry. This position typically requires specific skills and experience. Common responsibilities include tasks related to biomedical engineer. Candidates interested in this role should focus on building relevant skills and gaining practical experience.
job-intern,Job Role: Intern,job-role,intern|intern|job role|career|position,Intern is a professional role in the industry. This position typically requires specific skills and experience. Common responsibilities include tasks related to intern. Candidates interested in this role should focus on building relevant skills and gaining practical experience.
job-graduate-trainee,Job Role: Graduate Trainee,job-role,graduate trainee|graduatetrainee|job role|career|position,Graduate Trainee is a professional role in the industry. This position typically requires specific skills and experience. Common responsibilities include tasks related to graduate trainee. Candidates interested in this role should focus on building relevant skills and gaining practical experience.
job-junior-developer,Job Role: Junior Developer,job-role,junior developer|juniordeveloper|job role|career|position,Junior Developer is a professional role in the industry. This position typically requires specific skills and experience. Common responsibilities include tasks related to junior developer. Candidates interested in this role should focus on building relevant skills and gaining practical experience.
job-junior-data-analyst,Job Role: Junior Data Analyst,job-role,junior data analyst|juniordataanalyst|job role|career|position,Junior Data Analyst is a professional role in the industry. This position typically requires specific skills and experience. Common responsibilities include tasks related to junior data analyst. Candidates interested in this role should focus on building relevant skills and gaining practical experience.
job-associate-consultant,Job Role: Associate Consultant,job-role,associate consultant|associateconsultant|job role|career|position,Associate Consultant is a professional role in the industry. This position typically requires specific skills and experience. Common responsibilities include tasks related to associate consultant. Candidates interested in this role should focus on building relevant skills and gaining practical experience.
job-trainee-engineer,Job Role: Trainee Engineer,job-role,trainee engineer|traineeengineer|job role|career|position,Trainee Engineer is a professional role in the industry. This position typically requires specific skills and experience. Common responsibilities include tasks related to trainee engineer. Candidates interested in this role should focus on building relevant skills and gaining practical experience.
